<?xml version="1.0" encoding="UTF-8"?>
<tour start="node2" appversion="6.1.11" apprev="18043">
  <panorama id="node2" hideabout="1">
    <input levelbias="0.400" levelingpitch="0" width="4000" height="4000" levelbiashidpi="1.000" leveltileurl="tiles/node2/cf_%c/l_%l/c_%x/tile_%y.jpg" overlap="1" leveltilesize="510" levelingroll="0">
      <level width="4000" height="4000" predecode="0" preload="0"/>
      <level width="2000" height="2000" predecode="0" preload="0"/>
      <level width="1000" height="1000" predecode="0" preload="0"/>
      <level width="500" height="500" predecode="1" preload="1"/>
      <preview color="0x0b0b0b" strip="1"/>
    </input>
    <view fovmode="0" pannorth="0">
      <start projection="4" fov="70.59" pan="0" tilt="-8.85"/>
      <flyin projection="4" fov="99" pan="0" tilt="-8.85"/>
      <min fov="30" pan="-90" tilt="-90"/>
      <max fovstereographic="270" fov="100" fovfisheye="360" pan="90" tilt="90" scaletofit="1"/>
    </view>
    <userdata title="Jacuzzi Octogono - Plastiglass" author="" heading="0" description="Descubre nuestro configurador intéractivo." nodeid="node2" info="Octogono" latitude="" copyright="" tags="152-royal_v4" longitude="" source="" datetime="" comment="6 pax | 200 x 200 cm" customnodeid=""/>
    <hotspots width="180" wordwrap="1" height="20">
      <label borderalpha="1" borderradius="1" border="1" backgroundcolor="0xffffff" bordercolor="0x000000" width="180" wordwrap="1" height="20" enabled="1" textcolor="0x000000" textalpha="1" background="1" backgroundalpha="1"/>
      <polystyle borderalpha="1" handcursor="1" backgroundcolor="0x0000ff" bordercolor="0x0000ff" mode="0" backgroundalpha="0.25098"/>
      <hotspot id="Point01" title="" target="" description="" skinid="ht_video_file" url="media/blower.mp4" pan="-10.2" tilt="-29.87"/>
      <hotspot id="Point04" title="" target="" description="" skinid="ht_video_file" url="media/prendido.mp4" pan="-20.07" tilt="-17.74"/>
      <hotspot id="Point03" title="" target="" description="" skinid="ht_video_file" url="media/hidros2.mp4" pan="-344.68" tilt="-26.2"/>
      <hotspot id="Variaciones" title="" target="_blank" description="" skinid="variaciones" url="" pan="-1.12" tilt="-24.51"/>
    </hotspots>
    <media>
      <lensflare id="Lensflare01" alpha="80.000" color="0xffffff" blinding="50.000" pan="-68.270" tilt="30.440" type="3"/>
    </media>
    <transition softedge="0" zoomfov="20" zoomafterinfov="90" blendcolor="0x000000" zoomin="0" zoomspeed="2" zoomafteroutfov="20" zoomout="0" blendtime="1" enabled="1" zoomoutpause="1" type="crossdissolve"/>
    <flyintransition enabled="1" speed="2.00"/>
    <animation useinautorotation="0" animsequence="Animation01" syncanimationwithvideo="0"/>
    <control lockedmouse="0" lockedkeyboardzoom="0" contextfullscreen="1" rubberband="0" simulatemass="1" dblclickfullscreen="1" invertwheel="0" lockedkeyboard="0" hideabout="1" speedwheel="0.9" lockedwheel="0" sensitivity="14" contextprojections="0" invertcontrol="1"/>
  </panorama>
  <panorama id="node3" hideabout="1">
    <input levelbias="0.400" levelingpitch="0" flat="1" width="6244" height="4500" levelbiashidpi="1.000" leveltileurl="tiles/node3/cf_%c/l_%l/c_%x/tile_%y.jpg" overlap="1" cylinder="1" leveltilesize="510" levelingroll="0">
      <level width="6244" height="4500" predecode="0" preload="0"/>
      <level width="3122" height="2250" predecode="0" preload="0"/>
      <level width="1561" height="1125" predecode="0" preload="0"/>
      <level width="780" height="562" predecode="0" preload="0"/>
      <level width="390" height="281" predecode="1" preload="1"/>
      <preview color="0x0b0b0b"/>
    </input>
    <view fovmode="0" pannorth="0">
      <start projection="4" fov="79.02" pan="0" tilt="0"/>
      <flyin projection="9" fov="170" pan="0" tilt="-90"/>
      <min fovpixel="2" pan="0" tilt="-90"/>
      <max fovstereographic="270" fov="120" fovfisheye="360" pan="360" tilt="90" scaletofit="1"/>
    </view>
    <userdata title="Jacuzzi Octogono - Plastiglass" author="" heading="0" description="Descubre nuestro configurador intéractivo." nodeid="node3" info="Octogono" latitude="" copyright="" tags="png" longitude="" source="" datetime="30/11/2020 5:22 p. m." comment="6 pax | 200 x 200 cm" customnodeid=""/>
    <hotspots width="180" wordwrap="1" height="20">
      <label borderalpha="1" borderradius="1" border="1" backgroundcolor="0xffffff" bordercolor="0x000000" width="180" wordwrap="1" height="20" enabled="1" textcolor="0x000000" textalpha="1" background="1" backgroundalpha="1"/>
      <polystyle borderalpha="1" handcursor="1" backgroundcolor="0x0000ff" bordercolor="0x0000ff" mode="0" backgroundalpha="0.25098"/>
    </hotspots>
    <media/>
    <transition softedge="0" zoomfov="20" zoomafterinfov="90" blendcolor="0x000000" zoomin="0" zoomspeed="2" zoomafteroutfov="20" zoomout="0" blendtime="1" enabled="1" zoomoutpause="1" type="crossdissolve"/>
    <flyintransition enabled="1" speed="2.00"/>
    <animation useinautorotation="0" animsequence="Animation01" syncanimationwithvideo="0"/>
    <control lockedmouse="0" lockedkeyboardzoom="0" contextfullscreen="1" rubberband="0" simulatemass="1" dblclickfullscreen="1" invertwheel="0" lockedkeyboard="0" hideabout="1" speedwheel="0.9" lockedwheel="0" sensitivity="14" contextprojections="0" invertcontrol="1"/>
  </panorama>
  <masternode>
    <userdata title="Jacuzzi Octogono - Plastiglass" author="" heading="0" description="Descubre nuestro configurador intéractivo." nodeid="master" info="Octogono" latitude="" copyright="" tags="" longitude="" source="" datetime="" comment="6 pax | 200 x 200 cm" customnodeid=""/>
  </masternode>
</tour>
