<?xml version="1.0" encoding="UTF-8"?>
<tour appversion="6.1.10" start="node2" apprev="18007">
  <panorama hideabout="1" id="node2">
    <input levelingpitch="0" width="2500" height="2500" levelbias="0.400" leveltilesize="510" levelingroll="0" overlap="1" levelbiashidpi="1.000" leveltileurl="tiles/node2/cf_%c/l_%l/c_%x/tile_%y.jpg">
      <level predecode="0" width="2500" height="2500" preload="0"/>
      <level predecode="0" width="1250" height="1250" preload="0"/>
      <level predecode="0" width="625" height="625" preload="0"/>
      <level predecode="1" width="312" height="312" preload="1"/>
      <preview strip="1" color="0x0b0b0b"/>
    </input>
    <view pannorth="0" fovmode="0">
      <start fov="70.59" pan="0" tilt="-8.85" projection="4"/>
      <flyin fov="99" pan="0" tilt="-8.85" projection="4"/>
      <min fov="30" pan="-90" tilt="-90"/>
      <max fov="100" fovstereographic="270" pan="90" tilt="90" fovfisheye="360" scaletofit="1"/>
    </view>
    <userdata description="Descubre nuestro configurador intéractivo." author="" comment="8 pax | 223 x 223 cm" heading="0" latitude="" info="Royal" nodeid="node2" datetime="" title="Jacuzzi Royal - Plastiglass" tags="152-royal_v4" source="" longitude="" copyright="" customnodeid=""/>
    <hotspots width="180" height="20" wordwrap="1">
      <label bordercolor="0x000000" borderradius="1" background="1" textalpha="1" border="1" width="180" height="20" enabled="1" textcolor="0x000000" backgroundcolor="0xffffff" backgroundalpha="1" wordwrap="1" borderalpha="1"/>
      <polystyle bordercolor="0x0000ff" handcursor="1" mode="0" backgroundcolor="0x0000ff" backgroundalpha="0.25098" borderalpha="1"/>
      <hotspot description="" customimageheight="784" target="_blank" fov="67.11" skinid="color" customimage="media/beige.png" title="" pan="0" tilt="-28" url="" distance3D="1592.12" id="Color" customimagewidth="2112" use3D="1"/>
      <hotspot description="" target="_blank" skinid="variaciones" title="" pan="0" tilt="-28" url="" id="variaciones"/>
      <hotspot description="" target="" skinid="ht_video_file" title="" pan="-14.64" tilt="-32.25" url="media/blower.mp4" id="Point01"/>
      <hotspot description="" target="" skinid="ht_video_file" title="" pan="-337.65" tilt="-22.07" url="media/cascada.mp4" id="Point02"/>
      <hotspot description="" target="" skinid="ht_video_file" title="" pan="-328.65" tilt="-29.62" url="media/prendido.mp4" id="Point04"/>
      <hotspot description="" target="" skinid="ht_video_file" title="" pan="-347.83" tilt="-23.73" url="media/hidros2.mp4" id="Point03"/>
    </hotspots>
    <media>
      <lensflare color="0xffffff" blinding="50.000" pan="-308.870" tilt="36.160" id="Lensflare01" alpha="80.000" type="3"/>
    </media>
    <transition zoomoutpause="1" zoomfov="20" zoomafterinfov="90" blendtime="1" enabled="1" softedge="0" blendcolor="0x000000" type="crossdissolve" zoomspeed="2" zoomout="0" zoomafteroutfov="20" zoomin="0"/>
    <flyintransition speed="2.00" enabled="1"/>
    <animation syncanimationwithvideo="0" animsequence="Animation01" useinautorotation="0"/>
    <control speedwheel="0.9" sensitivity="14" lockedmouse="0" hideabout="1" invertcontrol="1" rubberband="0" simulatemass="1" contextfullscreen="1" lockedkeyboard="0" invertwheel="0" lockedwheel="0" lockedkeyboardzoom="0" dblclickfullscreen="1" contextprojections="0"/>
  </panorama>
  <panorama hideabout="1" id="node3">
    <input levelingpitch="0" width="6244" height="4500" flat="1" levelbias="0.400" leveltilesize="510" cylinder="1" levelingroll="0" overlap="1" levelbiashidpi="1.000" leveltileurl="tiles/node3/cf_%c/l_%l/c_%x/tile_%y.jpg">
      <level predecode="0" width="6244" height="4500" preload="0"/>
      <level predecode="0" width="3122" height="2250" preload="0"/>
      <level predecode="0" width="1561" height="1125" preload="0"/>
      <level predecode="0" width="780" height="562" preload="0"/>
      <level predecode="1" width="390" height="281" preload="1"/>
      <preview color="0x0b0b0b"/>
    </input>
    <view pannorth="0" fovmode="0">
      <start fov="92.44" pan="1.42" tilt="0" projection="4"/>
      <flyin fov="170" pan="0" tilt="-90" projection="9"/>
      <min fovpixel="2" pan="0" tilt="-90"/>
      <max fov="120" fovstereographic="270" pan="360" tilt="90" fovfisheye="360" scaletofit="1"/>
    </view>
    <userdata description="Descubre nuestro configurador intéractivo." author="" comment="8 pax | 223 x 223 cm" heading="0" latitude="" info="Royal" nodeid="node3" datetime="30/11/2020 5:22 p. m." title="Jacuzzi Royal - Plastiglass" tags="png" source="" longitude="" copyright="" customnodeid=""/>
    <hotspots width="180" height="20" wordwrap="1">
      <label bordercolor="0x000000" borderradius="1" background="1" textalpha="1" border="1" width="180" height="20" enabled="1" textcolor="0x000000" backgroundcolor="0xffffff" backgroundalpha="1" wordwrap="1" borderalpha="1"/>
      <polystyle bordercolor="0x0000ff" handcursor="1" mode="0" backgroundcolor="0x0000ff" backgroundalpha="0.25098" borderalpha="1"/>
    </hotspots>
    <media/>
    <transition zoomoutpause="1" zoomfov="20" zoomafterinfov="90" blendtime="1" enabled="1" softedge="0" blendcolor="0x000000" type="crossdissolve" zoomspeed="2" zoomout="0" zoomafteroutfov="20" zoomin="0"/>
    <flyintransition speed="2.00" enabled="1"/>
    <animation syncanimationwithvideo="0" animsequence="Animation01" useinautorotation="0"/>
    <control speedwheel="0.9" sensitivity="14" lockedmouse="0" hideabout="1" invertcontrol="1" rubberband="0" simulatemass="1" contextfullscreen="1" lockedkeyboard="0" invertwheel="0" lockedwheel="0" lockedkeyboardzoom="0" dblclickfullscreen="1" contextprojections="0"/>
  </panorama>
  <masternode>
    <userdata description="Descubre nuestro configurador intéractivo." author="" comment="8 pax | 223 x 223 cm" heading="0" latitude="" info="Royal" nodeid="master" datetime="" title="Jacuzzi Royal - Plastiglass" tags="" source="" longitude="" copyright="" customnodeid=""/>
  </masternode>
</tour>
