<?xml version="1.0" encoding="UTF-8"?>
<tour start="node2" appversion="6.1.10" apprev="18007">
  <panorama hideabout="1" id="node2">
    <input height="4000" leveltileurl="tiles/node2/cf_%c/l_%l/c_%x/tile_%y.jpg" levelingroll="0" levelbiashidpi="1.000" overlap="1" leveltilesize="510" levelbias="0.400" levelingpitch="0" width="4000">
      <level height="4000" preload="0" predecode="0" width="4000"/>
      <level height="2000" preload="0" predecode="0" width="2000"/>
      <level height="1000" preload="0" predecode="0" width="1000"/>
      <level height="500" preload="1" predecode="1" width="500"/>
      <preview color="0x0b0b0b" strip="1"/>
    </input>
    <view pannorth="0" fovmode="0">
      <start pan="0" fov="70.59" projection="4" tilt="-8.85"/>
      <flyin pan="0" fov="99" projection="4" tilt="-8.85"/>
      <min pan="-90" fov="30" tilt="-90"/>
      <max pan="90" fov="100" scaletofit="1" fovstereographic="270" fovfisheye="360" tilt="90"/>
    </view>
    <userdata author="" description="Descubre nuestro configurador intéractivo." latitude="" tags="152-royal_v4" title="Jacuzzi Asahi - Plastiglass" source="" info="Asahi" comment="2 pax | 180 x 120 cm" longitude="" heading="0" datetime="" customnodeid="" nodeid="node2" copyright=""/>
    <hotspots height="20" wordwrap="1" width="180">
      <label height="20" background="1" backgroundalpha="1" borderalpha="1" bordercolor="0x000000" borderradius="1" border="1" textalpha="1" wordwrap="1" textcolor="0x000000" enabled="1" width="180" backgroundcolor="0xffffff"/>
      <polystyle backgroundalpha="0.25098" borderalpha="1" bordercolor="0x0000ff" mode="0" backgroundcolor="0x0000ff" handcursor="1"/>
      <hotspot pan="-10.67" description="" skinid="ht_video_file" title="" url="media/blower.mp4" tilt="-28.33" id="Point01" target=""/>
      <hotspot pan="-13.07" description="" skinid="ht_video_file" title="" url="media/cascada.mp4" tilt="-19.29" id="Point02" target=""/>
      <hotspot pan="-28.48" description="" skinid="ht_video_file" title="" url="media/prendido.mp4" tilt="-27.48" id="Point04" target=""/>
      <hotspot pan="-352.72" description="" skinid="ht_video_file" title="" url="media/hidros2.mp4" tilt="-23.55" id="Point03" target=""/>
      <hotspot pan="0.86" description="" skinid="variaciones" title="" url="" tilt="-25.9" id="Variaciones" target="_blank"/>
    </hotspots>
    <media>
      <lensflare pan="-68.270" alpha="80.000" color="0xffffff" tilt="30.440" id="Lensflare01" blinding="50.000" type="3"/>
    </media>
    <transition zoomin="0" zoomafteroutfov="20" zoomout="0" zoomspeed="2" zoomafterinfov="90" blendtime="1" zoomoutpause="1" blendcolor="0x000000" enabled="1" zoomfov="20" type="crossdissolve" softedge="0"/>
    <flyintransition speed="2.00" enabled="1"/>
    <animation useinautorotation="0" syncanimationwithvideo="0" animsequence="Animation01"/>
    <control invertcontrol="1" speedwheel="0.9" simulatemass="1" hideabout="1" sensitivity="14" lockedkeyboardzoom="0" invertwheel="0" contextprojections="0" lockedkeyboard="0" contextfullscreen="1" rubberband="0" lockedwheel="0" dblclickfullscreen="1" lockedmouse="0"/>
  </panorama>
  <panorama hideabout="1" id="node3">
    <input height="4500" leveltileurl="tiles/node3/cf_%c/l_%l/c_%x/tile_%y.jpg" levelingroll="0" levelbiashidpi="1.000" overlap="1" flat="1" leveltilesize="510" levelbias="0.400" levelingpitch="0" width="6244" cylinder="1">
      <level height="4500" preload="0" predecode="0" width="6244"/>
      <level height="2250" preload="0" predecode="0" width="3122"/>
      <level height="1125" preload="0" predecode="0" width="1561"/>
      <level height="562" preload="0" predecode="0" width="780"/>
      <level height="281" preload="1" predecode="1" width="390"/>
      <preview color="0x0b0b0b"/>
    </input>
    <view pannorth="0" fovmode="0">
      <start pan="-0.03" fov="70.59" projection="4" tilt="-0.24"/>
      <flyin pan="0" fov="170" projection="9" tilt="-90"/>
      <min pan="0" fovpixel="2" tilt="-90"/>
      <max pan="360" fov="120" scaletofit="1" fovstereographic="270" fovfisheye="360" tilt="90"/>
    </view>
    <userdata author="" description="Descubre nuestro configurador intéractivo." latitude="" tags="png" title="Jacuzzi Asahi - Plastiglass" source="" info="Asahi" comment="2 pax | 180 x 120 cm" longitude="" heading="0" datetime="30/11/2020 5:22 p. m." customnodeid="" nodeid="node3" copyright=""/>
    <hotspots height="20" wordwrap="1" width="180">
      <label height="20" background="1" backgroundalpha="1" borderalpha="1" bordercolor="0x000000" borderradius="1" border="1" textalpha="1" wordwrap="1" textcolor="0x000000" enabled="1" width="180" backgroundcolor="0xffffff"/>
      <polystyle backgroundalpha="0.25098" borderalpha="1" bordercolor="0x0000ff" mode="0" backgroundcolor="0x0000ff" handcursor="1"/>
    </hotspots>
    <media/>
    <transition zoomin="0" zoomafteroutfov="20" zoomout="0" zoomspeed="2" zoomafterinfov="90" blendtime="1" zoomoutpause="1" blendcolor="0x000000" enabled="1" zoomfov="20" type="crossdissolve" softedge="0"/>
    <flyintransition speed="2.00" enabled="1"/>
    <animation useinautorotation="0" syncanimationwithvideo="0" animsequence="Animation01"/>
    <control invertcontrol="1" speedwheel="0.9" simulatemass="1" hideabout="1" sensitivity="14" lockedkeyboardzoom="0" invertwheel="0" contextprojections="0" lockedkeyboard="0" contextfullscreen="1" rubberband="0" lockedwheel="0" dblclickfullscreen="1" lockedmouse="0"/>
  </panorama>
  <masternode>
    <userdata author="" description="Descubre nuestro configurador intéractivo." latitude="" tags="" title="Jacuzzi Asahi - Plastiglass" source="" info="Asahi" comment="2 pax | 180 x 120 cm" longitude="" heading="0" datetime="" customnodeid="" nodeid="master" copyright=""/>
  </masternode>
</tour>
