<?xml version="1.0" encoding="UTF-8"?>
<tour apprev="18043" appversion="6.1.11" start="node2">
  <panorama id="node2" hideabout="1">
    <input width="4000" levelbiashidpi="1.000" leveltilesize="510" levelbias="0.400" height="4000" leveltileurl="tiles/node2/cf_%c/l_%l/c_%x/tile_%y.jpg" levelingpitch="0" overlap="1" levelingroll="0">
      <level width="4000" predecode="0" height="4000" preload="0"/>
      <level width="2000" predecode="0" height="2000" preload="0"/>
      <level width="1000" predecode="0" height="1000" preload="0"/>
      <level width="500" predecode="1" height="500" preload="1"/>
      <preview color="0x0b0b0b" strip="1"/>
    </input>
    <view pannorth="0" fovmode="0">
      <start pan="0" projection="4" tilt="-8.85" fov="70.59"/>
      <flyin pan="0" projection="4" tilt="-8.85" fov="99"/>
      <min pan="-90" tilt="-90" fov="30"/>
      <max fovfisheye="360" pan="90" scaletofit="1" tilt="90" fovstereographic="270" fov="100"/>
    </view>
    <userdata description="Descubre nuestro configurador intéractivo." comment="2 pax | 180 x 120 cm" heading="0" copyright="" datetime="" info="Asahi" source="" tags="152-royal_v4" longitude="" author="" latitude="" customnodeid="" title="Jacuzzi Asahi - Plastiglass" nodeid="node2"/>
    <hotspots width="180" wordwrap="1" height="20">
      <label width="180" enabled="1" background="1" borderradius="1" wordwrap="1" backgroundcolor="0xffffff" borderalpha="1" bordercolor="0x000000" border="1" height="20" textcolor="0x000000" backgroundalpha="1" textalpha="1"/>
      <polystyle mode="0" backgroundcolor="0x0000ff" borderalpha="1" bordercolor="0x0000ff" backgroundalpha="0.25098" handcursor="1"/>
      <hotspot description="" url="media/blower.mp4" pan="-10.67" id="Point01" target="" tilt="-28.33" skinid="ht_video_file" title=""/>
      <hotspot description="" url="media/cascada.mp4" pan="-13.07" id="Point02" target="" tilt="-19.29" skinid="ht_video_file" title=""/>
      <hotspot description="" url="media/prendido.mp4" pan="-28.48" id="Point04" target="" tilt="-27.48" skinid="ht_video_file" title=""/>
      <hotspot description="" url="media/hidros2.mp4" pan="-352.72" id="Point03" target="" tilt="-23.55" skinid="ht_video_file" title=""/>
      <hotspot description="" url="" pan="0.86" id="Variaciones" target="_blank" tilt="-25.9" skinid="variaciones" title=""/>
    </hotspots>
    <media>
      <lensflare pan="-68.270" id="Lensflare01" color="0xffffff" tilt="30.440" alpha="80.000" blinding="50.000" type="3"/>
    </media>
    <transition enabled="1" blendcolor="0x000000" blendtime="1" zoomafteroutfov="20" zoomout="0" zoomoutpause="1" zoomafterinfov="90" zoomin="0" softedge="0" type="crossdissolve" zoomspeed="2" zoomfov="20"/>
    <flyintransition enabled="1" speed="2.00"/>
    <animation syncanimationwithvideo="0" useinautorotation="0" animsequence="Animation01"/>
    <control lockedwheel="0" invertcontrol="1" rubberband="0" simulatemass="1" speedwheel="0.9" contextprojections="0" lockedmouse="0" dblclickfullscreen="1" sensitivity="14" lockedkeyboardzoom="0" contextfullscreen="1" invertwheel="0" lockedkeyboard="0" hideabout="1"/>
  </panorama>
  <panorama id="node3" hideabout="1">
    <input width="6244" levelbiashidpi="1.000" cylinder="1" leveltilesize="510" levelbias="0.400" height="4500" leveltileurl="tiles/node3/cf_%c/l_%l/c_%x/tile_%y.jpg" flat="1" levelingpitch="0" overlap="1" levelingroll="0">
      <level width="6244" predecode="0" height="4500" preload="0"/>
      <level width="3122" predecode="0" height="2250" preload="0"/>
      <level width="1561" predecode="0" height="1125" preload="0"/>
      <level width="780" predecode="0" height="562" preload="0"/>
      <level width="390" predecode="1" height="281" preload="1"/>
      <preview color="0x0b0b0b"/>
    </input>
    <view pannorth="0" fovmode="0">
      <start pan="-0.03" projection="4" tilt="-0.24" fov="70.59"/>
      <flyin pan="0" projection="9" tilt="-90" fov="170"/>
      <min pan="0" tilt="-90" fovpixel="2"/>
      <max fovfisheye="360" pan="360" scaletofit="1" tilt="90" fovstereographic="270" fov="120"/>
    </view>
    <userdata description="Descubre nuestro configurador intéractivo." comment="2 pax | 180 x 120 cm" heading="0" copyright="" datetime="30/11/2020 5:22 p. m." info="Asahi" source="" tags="png" longitude="" author="" latitude="" customnodeid="" title="Jacuzzi Asahi - Plastiglass" nodeid="node3"/>
    <hotspots width="180" wordwrap="1" height="20">
      <label width="180" enabled="1" background="1" borderradius="1" wordwrap="1" backgroundcolor="0xffffff" borderalpha="1" bordercolor="0x000000" border="1" height="20" textcolor="0x000000" backgroundalpha="1" textalpha="1"/>
      <polystyle mode="0" backgroundcolor="0x0000ff" borderalpha="1" bordercolor="0x0000ff" backgroundalpha="0.25098" handcursor="1"/>
    </hotspots>
    <media/>
    <transition enabled="1" blendcolor="0x000000" blendtime="1" zoomafteroutfov="20" zoomout="0" zoomoutpause="1" zoomafterinfov="90" zoomin="0" softedge="0" type="crossdissolve" zoomspeed="2" zoomfov="20"/>
    <flyintransition enabled="1" speed="2.00"/>
    <animation syncanimationwithvideo="0" useinautorotation="0" animsequence="Animation01"/>
    <control lockedwheel="0" invertcontrol="1" rubberband="0" simulatemass="1" speedwheel="0.9" contextprojections="0" lockedmouse="0" dblclickfullscreen="1" sensitivity="14" lockedkeyboardzoom="0" contextfullscreen="1" invertwheel="0" lockedkeyboard="0" hideabout="1"/>
  </panorama>
  <masternode>
    <userdata description="Descubre nuestro configurador intéractivo." comment="2 pax | 180 x 120 cm" heading="0" copyright="" datetime="" info="Asahi" source="" tags="" longitude="" author="" latitude="" customnodeid="" title="Jacuzzi Asahi - Plastiglass" nodeid="master"/>
  </masternode>
</tour>
