<?xml version="1.0" encoding="UTF-8"?>
<tour apprev="18043" start="node2" appversion="6.1.11">
  <panorama hideabout="1" id="node2">
    <input height="4000" leveltilesize="510" overlap="1" levelingpitch="0" levelingroll="0" leveltileurl="tiles/node2/cf_%c/l_%l/c_%x/tile_%y.jpg" width="4000" levelbias="0.400" levelbiashidpi="1.000">
      <level height="4000" predecode="0" width="4000" preload="0"/>
      <level height="2000" predecode="0" width="2000" preload="0"/>
      <level height="1000" predecode="0" width="1000" preload="0"/>
      <level height="500" predecode="1" width="500" preload="1"/>
      <preview color="0x0b0b0b" strip="1"/>
    </input>
    <view fovmode="0" pannorth="0">
      <start fov="70.59" tilt="-14.45" projection="4" pan="0.24"/>
      <flyin fov="99" tilt="-8.85" projection="4" pan="0"/>
      <min fov="30" tilt="-90" pan="-90"/>
      <max fov="100" tilt="90" scaletofit="1" fovfisheye="360" pan="90" fovstereographic="270"/>
    </view>
    <userdata title="Jacuzzi Rio - Plastiglass" description="Descubre nuestro configurador intéractivo." customnodeid="" comment="5 pax | 197 x 172 cm" heading="0" nodeid="node2" datetime="" latitude="" longitude="" source="" author="" copyright="" info="Rio" tags="152-royal_v4"/>
    <hotspots height="20" width="180" wordwrap="1">
      <label height="20" border="1" backgroundalpha="1" borderalpha="1" enabled="1" background="1" backgroundcolor="0xffffff" borderradius="1" width="180" textcolor="0x000000" bordercolor="0x000000" textalpha="1" wordwrap="1"/>
      <polystyle handcursor="1" backgroundalpha="0.25098" borderalpha="1" backgroundcolor="0x0000ff" mode="0" bordercolor="0x0000ff"/>
      <hotspot title="" description="" url="media/blower.mp4" tilt="-27.4" target="" skinid="ht_video_file" pan="-351.37" id="Point01"/>
      <hotspot title="" description="" url="media/cascada.mp4" tilt="-35.56" target="" skinid="ht_video_file" pan="-7.48001" id="Point02"/>
      <hotspot title="" description="" url="media/prendido.mp4" tilt="-18.67" target="" skinid="ht_video_file" pan="-357.86" id="Point04"/>
      <hotspot title="" description="" url="media/hidros2.mp4" tilt="-28.54" target="" skinid="ht_video_file" pan="-339.4" id="Point03"/>
      <hotspot title="" description="" url="" tilt="-25.9" target="_blank" skinid="variaciones" pan="0.86" id="Variaciones"/>
    </hotspots>
    <media>
      <lensflare color="0xffffff" alpha="80.000" tilt="30.440" type="3" pan="-68.270" id="Lensflare01" blinding="50.000"/>
    </media>
    <transition softedge="0" zoomin="0" zoomafteroutfov="20" blendcolor="0x000000" enabled="1" zoomspeed="2" zoomfov="20" type="crossdissolve" zoomafterinfov="90" zoomoutpause="1" blendtime="1" zoomout="0"/>
    <flyintransition enabled="1" speed="2.00"/>
    <animation animsequence="Animation01" useinautorotation="0" syncanimationwithvideo="0"/>
    <control lockedmouse="0" lockedwheel="0" lockedkeyboard="0" lockedkeyboardzoom="0" sensitivity="14" invertwheel="0" invertcontrol="1" simulatemass="1" rubberband="0" dblclickfullscreen="1" hideabout="1" contextfullscreen="1" speedwheel="0.9" contextprojections="0"/>
  </panorama>
  <panorama hideabout="1" id="node3">
    <input height="4500" leveltilesize="510" overlap="1" levelingpitch="0" levelingroll="0" cylinder="1" flat="1" leveltileurl="tiles/node3/cf_%c/l_%l/c_%x/tile_%y.jpg" width="6244" levelbias="0.400" levelbiashidpi="1.000">
      <level height="4500" predecode="0" width="6244" preload="0"/>
      <level height="2250" predecode="0" width="3122" preload="0"/>
      <level height="1125" predecode="0" width="1561" preload="0"/>
      <level height="562" predecode="0" width="780" preload="0"/>
      <level height="281" predecode="1" width="390" preload="1"/>
      <preview color="0x0b0b0b"/>
    </input>
    <view fovmode="0" pannorth="0">
      <start fov="72.52" tilt="-0.64" projection="4" pan="-0.12"/>
      <flyin fov="170" tilt="-90" projection="9" pan="0"/>
      <min fovpixel="2" tilt="-90" pan="0"/>
      <max fov="120" tilt="90" scaletofit="1" fovfisheye="360" pan="360" fovstereographic="270"/>
    </view>
    <userdata title="Jacuzzi Rio - Plastiglass" description="Descubre nuestro configurador intéractivo." customnodeid="" comment="5 pax | 197 x 172 cm" heading="0" nodeid="node3" datetime="30/11/2020 5:22 p. m." latitude="" longitude="" source="" author="" copyright="" info="Rio" tags="png"/>
    <hotspots height="20" width="180" wordwrap="1">
      <label height="20" border="1" backgroundalpha="1" borderalpha="1" enabled="1" background="1" backgroundcolor="0xffffff" borderradius="1" width="180" textcolor="0x000000" bordercolor="0x000000" textalpha="1" wordwrap="1"/>
      <polystyle handcursor="1" backgroundalpha="0.25098" borderalpha="1" backgroundcolor="0x0000ff" mode="0" bordercolor="0x0000ff"/>
    </hotspots>
    <media/>
    <transition softedge="0" zoomin="0" zoomafteroutfov="20" blendcolor="0x000000" enabled="1" zoomspeed="2" zoomfov="20" type="crossdissolve" zoomafterinfov="90" zoomoutpause="1" blendtime="1" zoomout="0"/>
    <flyintransition enabled="1" speed="2.00"/>
    <animation animsequence="Animation01" useinautorotation="0" syncanimationwithvideo="0"/>
    <control lockedmouse="0" lockedwheel="0" lockedkeyboard="0" lockedkeyboardzoom="0" sensitivity="14" invertwheel="0" invertcontrol="1" simulatemass="1" rubberband="0" dblclickfullscreen="1" hideabout="1" contextfullscreen="1" speedwheel="0.9" contextprojections="0"/>
  </panorama>
  <masternode>
    <userdata title="Jacuzzi Rio - Plastiglass" description="Descubre nuestro configurador intéractivo." customnodeid="" comment="5 pax | 197 x 172 cm" heading="0" nodeid="master" datetime="" latitude="" longitude="" source="" author="" copyright="" info="Rio" tags=""/>
  </masternode>
</tour>
