<?xml version="1.0" encoding="UTF-8"?>
<tour start="node2" appversion="6.1.11" apprev="18043">
  <panorama hideabout="1" id="node2">
    <input height="4000" levelbiashidpi="1.000" width="4000" leveltileurl="tiles/node2/cf_%c/l_%l/c_%x/tile_%y.jpg" levelbias="0.400" leveltilesize="510" levelingroll="0" levelingpitch="0" overlap="1">
      <level height="4000" width="4000" predecode="0" preload="0"/>
      <level height="2000" width="2000" predecode="0" preload="0"/>
      <level height="1000" width="1000" predecode="0" preload="0"/>
      <level height="500" width="500" predecode="1" preload="1"/>
      <preview color="0x0b0b0b" strip="1"/>
    </input>
    <view pannorth="0" fovmode="0">
      <start tilt="-8.85" fov="69" pan="0" projection="4"/>
      <flyin tilt="-8.85" fov="99" pan="0" projection="4"/>
      <min tilt="-90" fov="30" pan="-90"/>
      <max scaletofit="1" fovfisheye="360" tilt="90" fov="100" fovstereographic="270" pan="90"/>
    </view>
    <userdata title="Jacuzzi Atami - Plastiglass" copyright="" comment="6 pax | 200 x 200 cm" author="" tags="152-royal_v4" nodeid="node2" longitude="" latitude="" source="" description="Descubre nuestro configurador intéractivo." datetime="" heading="0" info="Atami" customnodeid=""/>
    <hotspots wordwrap="1" height="20" width="180">
      <label backgroundalpha="1" wordwrap="1" height="20" borderalpha="1" width="180" backgroundcolor="0xffffff" background="1" enabled="1" bordercolor="0x000000" textalpha="1" borderradius="1" textcolor="0x000000" border="1"/>
      <polystyle backgroundalpha="0.25098" borderalpha="1" backgroundcolor="0x0000ff" mode="0" handcursor="1" bordercolor="0x0000ff"/>
      <hotspot title="" skinid="ht_video_file" url="media/blower.mp4" tilt="-24.69" target="" pan="-8.27" description="" id="Point01"/>
      <hotspot title="" skinid="ht_video_file" url="media/cascada.mp4" tilt="-16.46" target="" pan="-358.22" description="" id="Point02"/>
      <hotspot title="" skinid="ht_video_file" url="media/prendido.mp4" tilt="-22.6" target="" pan="-23.15" description="" id="Point04"/>
      <hotspot title="" skinid="ht_video_file" url="media/hidros2.mp4" tilt="-21.25" target="" pan="-355.38" description="" id="Point03"/>
      <hotspot title="" skinid="variaciones" url="" tilt="-24.72" target="_blank" pan="353.51" description="" id="variaciones"/>
    </hotspots>
    <media>
      <lensflare blinding="50.000" alpha="80.000" type="3" tilt="30.440" pan="-68.270" color="0xffffff" id="Lensflare01"/>
    </media>
    <transition zoomoutpause="1" zoomin="0" zoomspeed="2" zoomafterinfov="90" enabled="1" type="crossdissolve" blendcolor="0x000000" blendtime="1" zoomafteroutfov="20" zoomout="0" softedge="0" zoomfov="20"/>
    <flyintransition enabled="1" speed="2.00"/>
    <animation animsequence="Animation01" syncanimationwithvideo="0" useinautorotation="0"/>
    <control speedwheel="0.9" lockedkeyboardzoom="0" hideabout="1" dblclickfullscreen="1" contextfullscreen="1" contextprojections="0" sensitivity="14" invertwheel="0" invertcontrol="1" rubberband="0" lockedkeyboard="0" lockedwheel="0" simulatemass="1" lockedmouse="0"/>
  </panorama>
  <panorama hideabout="1" id="node3">
    <input cylinder="1" height="4500" levelbiashidpi="1.000" width="6244" flat="1" leveltileurl="tiles/node3/cf_%c/l_%l/c_%x/tile_%y.jpg" levelbias="0.400" leveltilesize="510" levelingroll="0" levelingpitch="0" overlap="1">
      <level height="4500" width="6244" predecode="0" preload="0"/>
      <level height="2250" width="3122" predecode="0" preload="0"/>
      <level height="1125" width="1561" predecode="0" preload="0"/>
      <level height="562" width="780" predecode="0" preload="0"/>
      <level height="281" width="390" predecode="1" preload="1"/>
      <preview color="0x0b0b0b"/>
    </input>
    <view pannorth="0" fovmode="0">
      <start tilt="0.26" fov="79.32" pan="1.3" projection="4"/>
      <flyin tilt="-90" fov="170" pan="0" projection="9"/>
      <min tilt="-90" fovpixel="2" pan="0"/>
      <max scaletofit="1" fovfisheye="360" tilt="90" fov="120" fovstereographic="270" pan="360"/>
    </view>
    <userdata title="Jacuzzi Atami - Plastiglass" copyright="" comment="6 pax | 200 x 200 cm" author="" tags="png" nodeid="node3" longitude="" latitude="" source="" description="Descubre nuestro configurador intéractivo." datetime="30/11/2020 5:22 p. m." heading="0" info="Atami" customnodeid=""/>
    <hotspots wordwrap="1" height="20" width="180">
      <label backgroundalpha="1" wordwrap="1" height="20" borderalpha="1" width="180" backgroundcolor="0xffffff" background="1" enabled="1" bordercolor="0x000000" textalpha="1" borderradius="1" textcolor="0x000000" border="1"/>
      <polystyle backgroundalpha="0.25098" borderalpha="1" backgroundcolor="0x0000ff" mode="0" handcursor="1" bordercolor="0x0000ff"/>
    </hotspots>
    <media/>
    <transition zoomoutpause="1" zoomin="0" zoomspeed="2" zoomafterinfov="90" enabled="1" type="crossdissolve" blendcolor="0x000000" blendtime="1" zoomafteroutfov="20" zoomout="0" softedge="0" zoomfov="20"/>
    <flyintransition enabled="1" speed="2.00"/>
    <animation animsequence="Animation01" syncanimationwithvideo="0" useinautorotation="0"/>
    <control speedwheel="0.9" lockedkeyboardzoom="0" hideabout="1" dblclickfullscreen="1" contextfullscreen="1" contextprojections="0" sensitivity="14" invertwheel="0" invertcontrol="1" rubberband="0" lockedkeyboard="0" lockedwheel="0" simulatemass="1" lockedmouse="0"/>
  </panorama>
  <masternode>
    <userdata title="Jacuzzi Atami - Plastiglass" copyright="" comment="6 pax | 200 x 200 cm" author="" tags="" nodeid="master" longitude="" latitude="" source="" description="Descubre nuestro configurador intéractivo." datetime="" heading="0" info="Atami" customnodeid=""/>
  </masternode>
</tour>
