<?xml version="1.0" encoding="UTF-8"?>
<tour apprev="18007" start="node2" appversion="6.1.10">
  <panorama id="node2" hideabout="1">
    <input width="4000" levelingpitch="0" levelbiashidpi="1.000" levelbias="0.400" levelingroll="0" leveltileurl="tiles/node2/cf_%c/l_%l/c_%x/tile_%y.jpg" height="4000" leveltilesize="510" overlap="1">
      <level width="4000" preload="0" height="4000" predecode="0"/>
      <level width="2000" preload="0" height="2000" predecode="0"/>
      <level width="1000" preload="0" height="1000" predecode="0"/>
      <level width="500" preload="1" height="500" predecode="1"/>
      <preview strip="1" color="0x0b0b0b"/>
    </input>
    <view pannorth="0" fovmode="0">
      <start fov="69" pan="0" projection="4" tilt="-8.85"/>
      <flyin fov="99" pan="0" projection="4" tilt="-8.85"/>
      <min fov="30" pan="-90" tilt="-90"/>
      <max fov="100" fovstereographic="270" scaletofit="1" pan="90" fovfisheye="360" tilt="90"/>
    </view>
    <userdata title="Jacuzzi Atami - Plastiglass" author="" copyright="" tags="152-royal_v4" nodeid="node2" customnodeid="" info="Atami" description="Descubre nuestro configurador intéractivo." heading="0" datetime="" longitude="" source="" latitude="" comment="6 pax | 200 x 200 cm"/>
    <hotspots width="180" wordwrap="1" height="20">
      <label enabled="1" width="180" background="1" bordercolor="0x000000" backgroundalpha="1" backgroundcolor="0xffffff" border="1" borderalpha="1" borderradius="1" textcolor="0x000000" textalpha="1" wordwrap="1" height="20"/>
      <polystyle bordercolor="0x0000ff" mode="0" backgroundalpha="0.25098" backgroundcolor="0x0000ff" borderalpha="1" handcursor="1"/>
      <hotspot title="" skinid="ht_video_file" id="Point01" description="" pan="-8.27" target="" url="media/blower.mp4" tilt="-24.69"/>
      <hotspot title="" skinid="ht_video_file" id="Point02" description="" pan="-358.22" target="" url="media/cascada.mp4" tilt="-16.46"/>
      <hotspot title="" skinid="ht_video_file" id="Point04" description="" pan="-23.15" target="" url="media/prendido.mp4" tilt="-22.6"/>
      <hotspot title="" skinid="ht_video_file" id="Point03" description="" pan="-355.38" target="" url="media/hidros2.mp4" tilt="-21.25"/>
      <hotspot title="" skinid="variaciones" id="variaciones" description="" pan="353.51" target="_blank" url="" tilt="-24.72"/>
    </hotspots>
    <media>
      <lensflare blinding="50.000" id="Lensflare01" pan="-68.270" alpha="80.000" tilt="30.440" type="3" color="0xffffff"/>
    </media>
    <transition softedge="0" enabled="1" zoomafterinfov="90" blendcolor="0x000000" zoomfov="20" zoomoutpause="1" zoomout="0" zoomspeed="2" zoomafteroutfov="20" zoomin="0" type="crossdissolve" blendtime="1"/>
    <flyintransition enabled="1" speed="2.00"/>
    <animation syncanimationwithvideo="0" animsequence="Animation01" useinautorotation="0"/>
    <control lockedwheel="0" contextprojections="0" dblclickfullscreen="1" invertcontrol="1" contextfullscreen="1" simulatemass="1" invertwheel="0" speedwheel="0.9" hideabout="1" lockedkeyboardzoom="0" sensitivity="14" lockedmouse="0" lockedkeyboard="0" rubberband="0"/>
  </panorama>
  <panorama id="node3" hideabout="1">
    <input width="6244" levelingpitch="0" levelbiashidpi="1.000" flat="1" levelbias="0.400" levelingroll="0" leveltileurl="tiles/node3/cf_%c/l_%l/c_%x/tile_%y.jpg" cylinder="1" height="4500" leveltilesize="510" overlap="1">
      <level width="6244" preload="0" height="4500" predecode="0"/>
      <level width="3122" preload="0" height="2250" predecode="0"/>
      <level width="1561" preload="0" height="1125" predecode="0"/>
      <level width="780" preload="0" height="562" predecode="0"/>
      <level width="390" preload="1" height="281" predecode="1"/>
      <preview color="0x0b0b0b"/>
    </input>
    <view pannorth="0" fovmode="0">
      <start fov="79.32" pan="1.3" projection="4" tilt="0.26"/>
      <flyin fov="170" pan="0" projection="9" tilt="-90"/>
      <min pan="0" fovpixel="2" tilt="-90"/>
      <max fov="120" fovstereographic="270" scaletofit="1" pan="360" fovfisheye="360" tilt="90"/>
    </view>
    <userdata title="Jacuzzi Atami - Plastiglass" author="" copyright="" tags="png" nodeid="node3" customnodeid="" info="Atami" description="Descubre nuestro configurador intéractivo." heading="0" datetime="30/11/2020 5:22 p. m." longitude="" source="" latitude="" comment="6 pax | 200 x 200 cm"/>
    <hotspots width="180" wordwrap="1" height="20">
      <label enabled="1" width="180" background="1" bordercolor="0x000000" backgroundalpha="1" backgroundcolor="0xffffff" border="1" borderalpha="1" borderradius="1" textcolor="0x000000" textalpha="1" wordwrap="1" height="20"/>
      <polystyle bordercolor="0x0000ff" mode="0" backgroundalpha="0.25098" backgroundcolor="0x0000ff" borderalpha="1" handcursor="1"/>
    </hotspots>
    <media/>
    <transition softedge="0" enabled="1" zoomafterinfov="90" blendcolor="0x000000" zoomfov="20" zoomoutpause="1" zoomout="0" zoomspeed="2" zoomafteroutfov="20" zoomin="0" type="crossdissolve" blendtime="1"/>
    <flyintransition enabled="1" speed="2.00"/>
    <animation syncanimationwithvideo="0" animsequence="Animation01" useinautorotation="0"/>
    <control lockedwheel="0" contextprojections="0" dblclickfullscreen="1" invertcontrol="1" contextfullscreen="1" simulatemass="1" invertwheel="0" speedwheel="0.9" hideabout="1" lockedkeyboardzoom="0" sensitivity="14" lockedmouse="0" lockedkeyboard="0" rubberband="0"/>
  </panorama>
  <masternode>
    <userdata title="Jacuzzi Atami - Plastiglass" author="" copyright="" tags="" nodeid="master" customnodeid="" info="Atami" description="Descubre nuestro configurador intéractivo." heading="0" datetime="" longitude="" source="" latitude="" comment="6 pax | 200 x 200 cm"/>
  </masternode>
</tour>
