<?xml version="1.0" encoding="UTF-8"?>
<tour apprev="18007" start="node2" appversion="6.1.10">
  <panorama hideabout="1" id="node2">
    <input levelbiashidpi="1.000" overlap="1" width="4000" levelingpitch="0" leveltilesize="510" levelingroll="0" levelbias="0.400" leveltileurl="tiles/node2/cf_%c/l_%l/c_%x/tile_%y.jpg" height="4000">
      <level predecode="0" width="4000" preload="0" height="4000"/>
      <level predecode="0" width="2000" preload="0" height="2000"/>
      <level predecode="0" width="1000" preload="0" height="1000"/>
      <level predecode="1" width="500" preload="1" height="500"/>
      <preview color="0x0b0b0b" strip="1"/>
    </input>
    <view pannorth="0" fovmode="0">
      <start fov="70" projection="4" pan="0" tilt="-8"/>
      <flyin fov="99" projection="4" pan="0" tilt="-8.85"/>
      <min fov="30" pan="-90" tilt="-90"/>
      <max fov="100" fovfisheye="360" fovstereographic="270" pan="90" tilt="90" scaletofit="1"/>
    </view>
    <userdata heading="0" author="" info="Superspa" tags="152-royal_v4" nodeid="node2" datetime="" latitude="" longitude="" title="Jacuzzi Superspa - Plastiglass" copyright="" customnodeid="" comment="10 pax | 260 x 220 cm" description="Descubre nuestro configurador intéractivo." source=""/>
    <hotspots width="180" wordwrap="1" height="20">
      <label textcolor="0x000000" border="1" borderalpha="1" width="180" wordwrap="1" background="1" enabled="1" backgroundalpha="1" textalpha="1" borderradius="1" backgroundcolor="0xffffff" bordercolor="0x000000" height="20"/>
      <polystyle borderalpha="1" mode="0" backgroundalpha="0.25098" backgroundcolor="0x0000ff" bordercolor="0x0000ff" handcursor="1"/>
      <hotspot skinid="ht_video_file" title="" description="" target="" pan="-6.53" url="media/blower.mp4" tilt="-26.02" id="Point01"/>
      <hotspot skinid="ht_video_file" title="" description="" target="" pan="-25.34" url="media/cascada.mp4" tilt="-19.97" id="Point02"/>
      <hotspot skinid="ht_video_file" title="" description="" target="" pan="-19.86" url="media/prendido.mp4" tilt="-16.44" id="Point04"/>
      <hotspot skinid="ht_video_file" title="" description="" target="" pan="-350.51" url="media/hidros2.mp4" tilt="-21.95" id="Point03"/>
      <hotspot skinid="variaciones" title="" description="" target="_blank" pan="1.2" url="" tilt="-23.01" id="Varaciones"/>
    </hotspots>
    <media>
      <lensflare alpha="80.000" type="3" blinding="50.000" color="0xffffff" pan="-68.270" tilt="30.440" id="Lensflare01"/>
    </media>
    <transition blendtime="1" softedge="0" zoomout="0" type="crossdissolve" blendcolor="0x000000" zoomin="0" enabled="1" zoomfov="20" zoomafteroutfov="20" zoomoutpause="1" zoomspeed="2" zoomafterinfov="90"/>
    <flyintransition enabled="1" speed="2.00"/>
    <animation animsequence="Animation01" useinautorotation="0" syncanimationwithvideo="0"/>
    <control invertcontrol="1" contextprojections="0" hideabout="1" contextfullscreen="1" invertwheel="0" lockedkeyboard="0" speedwheel="0.9" sensitivity="14" lockedwheel="0" rubberband="0" dblclickfullscreen="1" simulatemass="1" lockedkeyboardzoom="0" lockedmouse="0"/>
  </panorama>
  <panorama hideabout="1" id="node3">
    <input levelbiashidpi="1.000" cylinder="1" overlap="1" width="6244" levelingpitch="0" leveltilesize="510" flat="1" levelingroll="0" levelbias="0.400" leveltileurl="tiles/node3/cf_%c/l_%l/c_%x/tile_%y.jpg" height="4500">
      <level predecode="0" width="6244" preload="0" height="4500"/>
      <level predecode="0" width="3122" preload="0" height="2250"/>
      <level predecode="0" width="1561" preload="0" height="1125"/>
      <level predecode="0" width="780" preload="0" height="562"/>
      <level predecode="1" width="390" preload="1" height="281"/>
      <preview color="0x0b0b0b"/>
    </input>
    <view pannorth="0" fovmode="0">
      <start fov="94.28" projection="4" pan="1.37" tilt="0.1"/>
      <flyin fov="170" projection="9" pan="0" tilt="-90"/>
      <min fovpixel="2" pan="0" tilt="-90"/>
      <max fov="120" fovfisheye="360" fovstereographic="270" pan="360" tilt="90" scaletofit="1"/>
    </view>
    <userdata heading="0" author="" info="Superspa" tags="png" nodeid="node3" datetime="30/11/2020 5:22 p. m." latitude="" longitude="" title="Jacuzzi Superspa - Plastiglass" copyright="" customnodeid="" comment="10 pax | 260 x 220 cm" description="Descubre nuestro configurador intéractivo." source=""/>
    <hotspots width="180" wordwrap="1" height="20">
      <label textcolor="0x000000" border="1" borderalpha="1" width="180" wordwrap="1" background="1" enabled="1" backgroundalpha="1" textalpha="1" borderradius="1" backgroundcolor="0xffffff" bordercolor="0x000000" height="20"/>
      <polystyle borderalpha="1" mode="0" backgroundalpha="0.25098" backgroundcolor="0x0000ff" bordercolor="0x0000ff" handcursor="1"/>
    </hotspots>
    <media/>
    <transition blendtime="1" softedge="0" zoomout="0" type="crossdissolve" blendcolor="0x000000" zoomin="0" enabled="1" zoomfov="20" zoomafteroutfov="20" zoomoutpause="1" zoomspeed="2" zoomafterinfov="90"/>
    <flyintransition enabled="1" speed="2.00"/>
    <animation animsequence="Animation01" useinautorotation="0" syncanimationwithvideo="0"/>
    <control invertcontrol="1" contextprojections="0" hideabout="1" contextfullscreen="1" invertwheel="0" lockedkeyboard="0" speedwheel="0.9" sensitivity="14" lockedwheel="0" rubberband="0" dblclickfullscreen="1" simulatemass="1" lockedkeyboardzoom="0" lockedmouse="0"/>
  </panorama>
  <masternode>
    <userdata heading="0" author="" info="Superspa" tags="" nodeid="master" datetime="" latitude="" longitude="" title="Jacuzzi Superspa - Plastiglass" copyright="" customnodeid="" comment="10 pax | 260 x 220 cm" description="Descubre nuestro configurador intéractivo." source=""/>
  </masternode>
</tour>
