<?xml version="1.0" encoding="UTF-8"?>
<tour start="node2" apprev="18043" appversion="6.1.11">
  <panorama id="node2" hideabout="1">
    <input height="4000" levelingroll="0" overlap="1" levelbiashidpi="1.000" width="4000" leveltileurl="tiles/node2/cf_%c/l_%l/c_%x/tile_%y.jpg" leveltilesize="510" levelbias="0.400" levelingpitch="0">
      <level preload="0" height="4000" width="4000" predecode="0"/>
      <level preload="0" height="2000" width="2000" predecode="0"/>
      <level preload="0" height="1000" width="1000" predecode="0"/>
      <level preload="1" height="500" width="500" predecode="1"/>
      <preview strip="1" color="0x0b0b0b"/>
    </input>
    <view pannorth="0" fovmode="0">
      <start fov="70.59" tilt="-14.45" pan="0.24" projection="4"/>
      <flyin fov="99" tilt="-8.85" pan="0" projection="4"/>
      <min fov="30" tilt="-90" pan="-90"/>
      <max fov="100" tilt="90" fovstereographic="270" fovfisheye="360" scaletofit="1" pan="90"/>
    </view>
    <userdata comment="6 pax | 200 cm Diam" latitude="" nodeid="node2" longitude="" heading="0" author="" copyright="" info="Orion" tags="152-royal_v4" datetime="" source="" description="Descubre nuestro configurador intéractivo." title="Jacuzzi Orion - Plastiglass" customnodeid=""/>
    <hotspots height="20" width="180" wordwrap="1">
      <label height="20" backgroundalpha="1" bordercolor="0x000000" borderalpha="1" width="180" wordwrap="1" enabled="1" borderradius="1" textcolor="0x000000" border="1" background="1" backgroundcolor="0xffffff" textalpha="1"/>
      <polystyle backgroundalpha="0.25098" bordercolor="0x0000ff" borderalpha="1" mode="0" handcursor="1" backgroundcolor="0x0000ff"/>
      <hotspot id="Point01" url="media/blower.mp4" tilt="-26.32" skinid="ht_video_file" description="" title="" target="" pan="-9.63"/>
      <hotspot id="Point02" url="media/cascada.mp4" tilt="-21.26" skinid="ht_video_file" description="" title="" target="" pan="-21.6"/>
      <hotspot id="Point04" url="media/prendido.mp4" tilt="-16" skinid="ht_video_file" description="" title="" target="" pan="-357.02"/>
      <hotspot id="Point03" url="media/hidros2.mp4" tilt="-22.66" skinid="ht_video_file" description="" title="" target="" pan="-340.72"/>
      <hotspot id="Variaciones" url="" tilt="-24.87" skinid="variaciones" description="" title="" target="_blank" pan="1"/>
    </hotspots>
    <media>
      <lensflare id="Lensflare01" blinding="50.000" type="3" tilt="30.440" alpha="80.000" color="0xffffff" pan="-68.270"/>
    </media>
    <transition zoomspeed="2" blendcolor="0x000000" zoomafteroutfov="20" zoomin="0" type="crossdissolve" blendtime="1" zoomfov="20" zoomoutpause="1" enabled="1" softedge="0" zoomafterinfov="90" zoomout="0"/>
    <flyintransition enabled="1" speed="2.00"/>
    <animation syncanimationwithvideo="0" useinautorotation="0" animsequence="Animation01"/>
    <control invertcontrol="1" sensitivity="14" lockedmouse="0" contextprojections="0" hideabout="1" dblclickfullscreen="1" contextfullscreen="1" simulatemass="1" lockedwheel="0" rubberband="0" lockedkeyboard="0" invertwheel="0" speedwheel="0.9" lockedkeyboardzoom="0"/>
  </panorama>
  <panorama id="node3" hideabout="1">
    <input height="4500" levelingroll="0" overlap="1" levelbiashidpi="1.000" width="6244" leveltileurl="tiles/node3/cf_%c/l_%l/c_%x/tile_%y.jpg" leveltilesize="510" levelbias="0.400" cylinder="1" levelingpitch="0" flat="1">
      <level preload="0" height="4500" width="6244" predecode="0"/>
      <level preload="0" height="2250" width="3122" predecode="0"/>
      <level preload="0" height="1125" width="1561" predecode="0"/>
      <level preload="0" height="562" width="780" predecode="0"/>
      <level preload="1" height="281" width="390" predecode="1"/>
      <preview color="0x0b0b0b"/>
    </input>
    <view pannorth="0" fovmode="0">
      <start fov="95" tilt="0" pan="0" projection="4"/>
      <flyin fov="170" tilt="-90" pan="0" projection="9"/>
      <min tilt="-90" fovpixel="2" pan="0"/>
      <max fov="120" tilt="90" fovstereographic="270" fovfisheye="360" scaletofit="1" pan="360"/>
    </view>
    <userdata comment="6 pax | 200 cm Diam" latitude="" nodeid="node3" longitude="" heading="0" author="" copyright="" info="Orion" tags="png" datetime="30/11/2020 5:22 p. m." source="" description="Descubre nuestro configurador intéractivo." title="Jacuzzi Orion - Plastiglass" customnodeid=""/>
    <hotspots height="20" width="180" wordwrap="1">
      <label height="20" backgroundalpha="1" bordercolor="0x000000" borderalpha="1" width="180" wordwrap="1" enabled="1" borderradius="1" textcolor="0x000000" border="1" background="1" backgroundcolor="0xffffff" textalpha="1"/>
      <polystyle backgroundalpha="0.25098" bordercolor="0x0000ff" borderalpha="1" mode="0" handcursor="1" backgroundcolor="0x0000ff"/>
    </hotspots>
    <media/>
    <transition zoomspeed="2" blendcolor="0x000000" zoomafteroutfov="20" zoomin="0" type="crossdissolve" blendtime="1" zoomfov="20" zoomoutpause="1" enabled="1" softedge="0" zoomafterinfov="90" zoomout="0"/>
    <flyintransition enabled="1" speed="2.00"/>
    <animation syncanimationwithvideo="0" useinautorotation="0" animsequence="Animation01"/>
    <control invertcontrol="1" sensitivity="14" lockedmouse="0" contextprojections="0" hideabout="1" dblclickfullscreen="1" contextfullscreen="1" simulatemass="1" lockedwheel="0" rubberband="0" lockedkeyboard="0" invertwheel="0" speedwheel="0.9" lockedkeyboardzoom="0"/>
  </panorama>
  <masternode>
    <userdata comment="6 pax | 200 cm Diam" latitude="" nodeid="master" longitude="" heading="0" author="" copyright="" info="Orion" tags="" datetime="" source="" description="Descubre nuestro configurador intéractivo." title="Jacuzzi Orion - Plastiglass" customnodeid=""/>
  </masternode>
</tour>
